{"cameraMode":{"drawMode":0,"name":"Shaded","section":"Shading Mode"},"sceneLighting":false,"audioPlay":false,"sceneViewState":{"showFog":true,"showMaterialUpdate":false,"showSkybox":false,"showFlares":true,"showImageEffects":true,"showParticleSystems":true,"showVisualEffectGraphs":true,"m_FxEnabled":true},"in2DMode":false,"pivot":{"x":-1.186254858970642,"y":0.22466489672660829,"z":0.14843130111694337},"rotation":{"x":0.0017292682314291597,"y":-0.9613202214241028,"z":0.27540323138237,"w":0.006050687748938799},"size":0.06848589330911637,"orthographic":false}