{"cameraMode":{"drawMode":0,"name":"Shaded","section":"Shading Mode"},"sceneLighting":false,"audioPlay":false,"sceneViewState":{"showFog":true,"showMaterialUpdate":false,"showSkybox":false,"showFlares":true,"showImageEffects":true,"showParticleSystems":true,"showVisualEffectGraphs":true,"m_FxEnabled":true},"in2DMode":false,"pivot":{"x":300.37603759765627,"y":249.38951110839845,"z":-14.689102172851563},"rotation":{"x":-0.05246638506650925,"y":-0.027863947674632074,"z":0.0014797322219237686,"w":-0.9982448816299439},"size":321.8642883300781,"orthographic":false}