{"cameraMode":{"drawMode":0,"name":"Shaded","section":"Shading Mode"},"sceneLighting":false,"audioPlay":false,"sceneViewState":{"showFog":true,"showMaterialUpdate":false,"showSkybox":false,"showFlares":true,"showImageEffects":true,"showParticleSystems":true,"showVisualEffectGraphs":true,"m_FxEnabled":true},"in2DMode":false,"pivot":{"x":29.167835235595704,"y":-13.467586517333985,"z":99.8679428100586},"rotation":{"x":0.016488095745444299,"y":0.0005940854898653925,"z":0.00001712878110993188,"w":-0.9998794198036194},"size":39.069942474365237,"orthographic":false}